prob,avg_cost,feasible,time
TEST_K100_1,3281.332999999999,True,71.25021457672119
TEST_K100_2,3343.175,True,67.1130895614624
TEST_K200_1,2978.4509999999996,True,361.2657985687256
TEST_K200_2,2932.5194999999994,True,339.3068187236786
TEST_K50_1,3475.2540000000004,True,26.259849548339844
TEST_K50_2,3889.2179999999994,True,4.60432505607605
