prob,avg_cost,feasible,time
TEST_K100_1,3291.1989999999996,True,34.258517265319824
TEST_K100_2,3345.7270000000003,True,34.298388719558716
TEST_K200_1,2988.9755000000005,True,190.72663378715515
TEST_K200_2,2947.4934999999996,True,157.83457469940186
TEST_K50_1,3475.2540000000004,True,16.42905569076538
TEST_K50_2,3889.2179999999994,True,3.9359991550445557
