prob,avg_cost,feasible,time
STAGE1_1,3635.8,True,4.447922468185425
STAGE1_10,2690.7725,True,1742.3977813720703
STAGE1_11,2546.6066666666666,True,183.14086508750916
